Question ID,Master Pattern,Subpattern,Exact Source Text,Occurrences,Years,Priority,Difficulty,Primary Document,Page,Marks,Tier,Source Type,All Occurrence IDs
"M1-Q001","M1_LL_SINGLY","Traversal / output tracing","What does the following function do for a given Linked List with first node as head? void fun1(struct node* head) { if(head == NULL) return; fun1(head->next); printf(""%d  "", head->data); } (a)  Print all nodes of linked lists (b)  Print all nodes of linked list in reverse order (c)  Print alternate nodes of Linked List (d)  Print alternate nodes in reverse order.","2","","P2","D2","DOC-01","1","1","1","Backlog / Special Examination Paper","DOC-01-P01-Q01-sub-iv; DOC-21-P01-Q01-sub-iv"
"M1-Q002","M1_INTRO_ALGO_PROG","Pseudocode and algorithm specification","Why do we need sparse representation of matrices? State the name of the two representations. Write the pseudocode to reverse a single linked list . Remember, you need to change the order in the linked list itself, not just print the elements in reverse order.","2","","P2","D3","DOC-01","2","","1","Backlog / Special Examination Paper","DOC-01-P02-Q03-sub-a; DOC-21-P02-Q03-sub-a"
"M1-Q003","M1_LL_SINGLY","Length / traversal","Explain your answer for each of the following questions: (i) You are given pointers to the first and last nodes of a singly linked list, which of the following operations are dependent on the length of the linked list?","2","","P2","D2","DOC-01","2","","1","Backlog / Special Examination Paper","DOC-01-P02-Q03-sub-b; DOC-21-P02-Q03-sub-b"
"M1-Q004","M1_LL_SINGLY","Deletion at end","Delete the last element of the list","2","","P2","D2","DOC-01","2","","1","Backlog / Special Examination Paper","DOC-01-P02-Q03-sub-c; DOC-21-P02-Q03-sub-c"
"M1-Q005","M1_LL_SINGLY","Insertion at end","Add a new element at the end of the list (ii) Considered that a pointer to a node X in a single linked list is given and the pointer to the head of the list is not given, can we delete the node X from given linked list?","2","","P2","D2","DOC-01","3","","1","Backlog / Special Examination Paper","DOC-01-P03-Q03-sub-d; DOC-21-P03-Q03-sub-d"
"M1-Q006","M1_LL_SINGLY","Traversal / output tracing","What is the output of the given function if the variable start points to the first node of the following linked list? 0->1->2->3->4->5->6->7->8->9->10 void fun(struct node* start) { if(start != NULL) { if(start->next != NULL&& start->next->next != NULL ) fun(start->next->next->next); printf(""%d "", start->data); } } (a) 0 2 4 6 8 10 (b) 10 8 6 4 2 0 (c) 0 6 9 3 (d) 9 6 3 0","3","","P2","D3","DOC-02","1","1","1","University Examination Paper","DOC-02-P01-Q01-sub-ii; DOC-20-P01-Q01-sub-ii; DOC-26-P01-Q01-sub-ii"
"M1-Q007","M1_LL_DOUBLY","In-place reversal","Construct a an iterative function in C named reverse() that accepts the start node of a doubly-linked list as argument and reverses the list. Your function must reverse the actual orientation of the nodes. It should not simply reverse the values stored in the list. Ideally, reverse() should only need to make one pass of the list.    [(CO3) (Construct/HOCQ)]","3","","P2","D4","DOC-02","2","","1","University Examination Paper","DOC-02-P02-Q03-sub-b; DOC-20-P02-Q03-sub-b; DOC-26-P02-Q03-sub-b"
"M1-Q008","M1_LL_SINGLY","Split list","Given a singly-linked list with an odd number of elements, develop a pseudo- code or C-code  to split it into two nearly equal sub-lists — one for the front half, and the other for the back half. The extra element should go in the front list. [(CO3) (Develop/HOCQ)]","3","","P2","D4","DOC-02","2","","1","University Examination Paper","DOC-02-P02-Q04-sub-b; DOC-20-P02-Q04-sub-b; DOC-26-P02-Q04-sub-b"
"M1-Q009","M1_INTRO_ALGO_PROG","Pseudocode and algorithm specification","Write a function in C/pseudo-code to delete all the nodes that contains the certain value v, from a singly linked list in a single pass. If there are multiple occurrences, delete all occurrences.  Discuss the time complexity of the algorithm. (Do not forget to look after the test cases when v will not exist in the list or list is empty). [(CSEN2101.2, CSEN2101.3)(Apply, Analyse/IOCQ)]","4","","P1","D4","DOC-06","2","","1","University Examination Paper","DOC-06-P02-Q02-sub-a; DOC-07-P02-Q02-sub-a; DOC-08-P02-Q02-sub-a; DOC-09-P02-Q02-sub-a"
"M1-Q010","M1_INTRO_ASYMPTOTIC","Growth-order recognition","Define Big-Oh, Big-Omega and Big-Theta with example. [(CSEN2101.1)(Remember/LOCQ)]","4","","P1","D1","DOC-06","2","","1","University Examination Paper","DOC-06-P02-Q02-sub-b; DOC-07-P02-Q02-sub-b; DOC-08-P02-Q02-sub-b; DOC-09-P02-Q02-sub-b"
"M1-Q011","M1_INTRO_ALGO_PROG","Pseudocode and algorithm specification","Write a pseudo-code/C program to determine whether a singly linked list is a palindrome or not. Return 1 if it is a palindrome and 0 otherwise. Note that the expected solution run in linear time.                       [(CSEN2101.4, CSEN2101.5)(Apply/IOCQ)]","4","","P1","D2","DOC-06","3","","1","University Examination Paper","DOC-06-P03-Q04-sub-a; DOC-07-P03-Q04-sub-a; DOC-08-P03-Q04-sub-a; DOC-09-P03-Q04-sub-a"
"M1-Q012","M1_INTRO_EFFICIENCY","Efficiency concepts and complexity","How do you merge two sorted linked lists into a single sorted linked list? Provide an algorithm and analyze its time complexity. [(CO3,CO4)(Analyse/HOCQ)]","4","","P1","D4","DOC-10","2","","1","University Examination Paper","DOC-10-P02-Q03-sub-a; DOC-11-P02-Q03-sub-a; DOC-12-P02-Q03-sub-a; DOC-28-P09-LA-Q34"
"M1-Q013","M1_LL_SINGLY","Search","In the worst case, the number of comparisons needed to search for a key in a singly linked list of length n is: (a) log2n (b) n/2 (c) log2n – 1 (d) n","5","","P1","D2","DOC-13","1","1","1","University Examination Paper","DOC-13-P01-Q01-sub-ii; DOC-14-P01-Q01-sub-ii; DOC-15-P01-Q01-sub-ii; DOC-16-P01-Q01-sub-ii; DOC-28-P01-MCQ-Q04"
"M1-Q014","M1_LL_SINGLY","Insertion at end","Write a function which will take any number n as its argument. The function will break this number into its individual digits and then store every single digit in a separate node thereby forming a linked list. The function must return the head node address of the created linked list at the end. (For example, if the number is 13579, then there will be 5 nodes in the list containing nodes with values 1, 3, 5, 7, 9). [(CO5)(Apply/HOCQ)]","5","","P1","D3","DOC-13","2","","1","University Examination Paper","DOC-13-P02-Q03-sub-a; DOC-14-P02-Q03-sub-a; DOC-15-P02-Q03-sub-a; DOC-16-P02-Q03-sub-a; DOC-28-P08-LA-Q32"
"M1-Q015","M1_LL_SINGLY","Other singly-linked-list pattern","Write an algorithm to reverse a single-linked list.","2","","P2","D2","DOC-22","2","","1","University Examination Paper","DOC-22-P02-Q02-sub-a; DOC-23-P02-Q02-sub-a"
"M1-Q016","M1_LL_SINGLY","Insertion at front","Given a pointer to the first node of a singly linked list, which of the following operation can be implemented in O(1) time? (I) Insertion at the front of the linked list (II) Insertion at the end of the linked list (III) Deletion of the front node of the linked list (IV) Deletion of the last node of the linked list (a) I and II (b) I and III (c) I, II and III (d) I, II and IV","1","","P3","D2","DOC-28","1","","3","Practice / Problem Set","DOC-28-P01-MCQ-Q02"
"M1-Q017","M1_LL_SINGLY","Traversal / output tracing","What is the output of following function for start pointing to first node of the following linked list: 1->2->3->4->5->6? void fun(struct node* start) {     if(start == NULL)         return;     printf(""%d "", start->data);     if(start->next != NULL )         fun(start->next->next);     printf(""%d "", start->data); } (a) 1 4 6 6 4 1 (b) 1 3 5 1 3 5 (c) 1 2 3 5 (d) 1 3 5 5 3 1","1","","P3","D3","DOC-28","2","","3","Practice / Problem Set","DOC-28-P02-MCQ-Q08"
"M1-Q018","M1_LL_SINGLY","Other singly-linked-list pattern","A linked list having n nodes (n >= 1) where no node stores a NULL pointer is a ____________ linked list.","8","","P1","D2","DOC-28","5","","3","Practice / Problem Set","DOC-28-P05-SA-Q03; DOC-10-P02-Q01-sub-xii; DOC-11-P02-Q01-sub-xii; DOC-12-P02-Q01-sub-xii; DOC-13-P02-Q01-sub-xi; DOC-14-P02-Q01-sub-xi; DOC-15-P02-Q01-sub-xi; DOC-16-P02-Q01-sub-xi"
"M1-Q019","M1_INTRO_EFFICIENCY","Efficiency concepts and complexity","The time complexity of displaying the contents of a singly-linked list in reverse order without using a stack is _________.","1","","P3","D2","DOC-28","5","","3","Practice / Problem Set","DOC-28-P05-SA-Q04"
"M1-Q020","M1_LL_SINGLY","Other singly-linked-list pattern","Explain what will be the output when fibo(5) is called: LINKED LIST","1","","P3","D3","DOC-28","8","","3","Practice / Problem Set","DOC-28-P08-LA-Q26"
"M1-Q021","M1_INTRO_ALGO_PROG","Pseudocode and algorithm specification","Write a function in C/ pseudo-code to delete all the nodes that contain the certain value v, from a singly linked list in a single pass. If there are multiple occurrences, delete all occurrences. Discuss the worst case time complexity of the algorithm.","1","","P3","D2","DOC-28","8","","3","Practice / Problem Set","DOC-28-P08-LA-Q27"
"M1-Q022","M1_INTRO_ALGO_PROG","Pseudocode and algorithm specification","Given a singly-linked list with an odd number of elements, develop a pseudo-code or C-code to split it into two nearly equal sub-lists — one for the front half, and the other for the back half. The extra element should go in the front list.","1","","P3","D4","DOC-28","8","","3","Practice / Problem Set","DOC-28-P08-LA-Q29"
"M1-Q023","M1_INTRO_ALGO_PROG","Pseudocode and algorithm specification","Write the pseudo code to insert an element into a singly linked list at a given position. Take appropriate measure when the list is empty or if the given position does not exist in the list.","1","","P3","D2","DOC-28","8","","3","Practice / Problem Set","DOC-28-P08-LA-Q30"
"M1-Q024","M1_INTRO_ALGO_PROG","Pseudocode and algorithm specification","Suggest a pseudo code / C function to find the middle element of a single linked list in a single pass. (Please note that if the list has even number of elements (n) then middle element will be the first middle element (⌊n/2⌋).","1","","P3","D2","DOC-28","9","","3","Practice / Problem Set","DOC-28-P09-LA-Q35"
"M1-Q025","M1_LL_SINGLY","Other singly-linked-list pattern","If you are using C language to implement the heterogeneous linked list, what pointer type will you use?","1","","P3","D2","DOC-30","1","","3","Question Bank — Authority Unconfirmed","DOC-30-P01-Q03"
"M1-Q026","M1_INTRO_CONCEPTS","Linear / non-linear and primitive / non-primitive classification","Whether Linked List is linear or Non-linear data structure?","1","","P3","D1","DOC-30","6","","3","Question Bank — Authority Unconfirmed","DOC-30-P06-Q25"
"M1-Q027","M1_LL_SINGLY","Other singly-linked-list pattern","Write an algorithm to traverse a linked list. Answer : 1. Set PTR : = START 2. Repeat steps 3 and 4 while PTR is not equal to NULL. 3. Apply PROCESS to INFO [ PTR] 4. Set PTR: = LINK[PTR] 5. Exit","1","","P3","D2","DOC-30","9","","3","Question Bank — Authority Unconfirmed","DOC-30-P09-Q38"
"M1-Q028","M1_LL_SINGLY","Other singly-linked-list pattern","What is a linked list? Ans :Linked list is a data structure which store same kind of data elements but not in continuous memory locations and size is not fixed. The linked lists are related logically.","1","","P3","D2","DOC-30","11","","3","Question Bank — Authority Unconfirmed","DOC-30-P11-Q51"
"M1-Q029","M1_LL_APPLICATIONS","Linked-list vs array / applications","What is the difference between an array and a linked list? Ans :The size of an array is fixed whereas size of linked list is variable. In array the data elements are stored in continuous memory locations but in linked list it is non continuous memory locations. Addition, removal of data is easy in linked list whereas in arrays it is complicated.","1","","P3","D2","DOC-30","11","","3","Question Bank — Authority Unconfirmed","DOC-30-P11-Q52"
"M1-Q030","M1_LL_SINGLY","Structure / node representation","What is a node? Ans :The data element of a linked list is called a node.","1","","P3","D1","DOC-30","11","","3","Question Bank — Authority Unconfirmed","DOC-30-P11-Q53"
"M1-Q031","M1_LL_SINGLY","Structure / node representation","What does node consist of? Ans :Node consists of two fields: data field to store the element and link field to store the address of the next node.","1","","P3","D3","DOC-30","11","","3","Question Bank — Authority Unconfirmed","DOC-30-P11-Q54"
"M1-Q032","M1_INTRO_CONCEPTS","Data, data type and data structure","Write the syntax of node creation? Answer : Syntax: struct node { data type ; struct node *ptr; //pointer for link node } temp;","1","","P3","D2","DOC-30","11","","3","Question Bank — Authority Unconfirmed","DOC-30-P11-Q55"
"M1-Q033","M1_LL_SINGLY","Other singly-linked-list pattern","Write the syntax for pointing to next node? Ans : Syntax: node->link=node1;","1","","P3","D2","DOC-30","12","","3","Question Bank — Authority Unconfirmed","DOC-30-P12-Q56"
"M1-Q034","M1_LL_SINGLY","Structure / node representation","How do you create an empty linked list?","1","","P3","D2","DOC-30","19","","3","Question Bank — Authority Unconfirmed","DOC-30-P19-Q78"
"M1-Q035","M1_LL_SINGLY","Search suitability","Name some operations on Linked Lists. The main operations that are performed on a linked list are the following:  Traversing and searching    Inserting    Deleting  ","1","","P3","D2","DOC-30","20","","3","Question Bank — Authority Unconfirmed","DOC-30-P20-Q79"
"M1-Q036","M1_LL_SINGLY","Other singly-linked-list pattern","Explain circularly linked lists.","1","","P3","D2","DOC-30","22","","3","Question Bank — Authority Unconfirmed","DOC-30-P22-Q90"
"M1-Q037","M1_LL_SINGLY","Insertion at end","Program to add a new node to the ascending order linked list. */","1","","P3","D2","DOC-30","24","","3","Question Bank — Authority Unconfirmed","DOC-30-P24-Q97"
"M1-Q038","M1_LL_SINGLY","Insertion at end","A linear list of elements in which deletion can be done from one end (front) and insertion can take place only at the other end (rear) is known as a (A)  queue. (B)  stack. 4 (C)  tree. (D)  linked list.","1","","P3","D2","DOC-31","3","2","3","Objective Question Bank — Authority Unconfirmed","DOC-31-P03-PART1-Q20"
"M1-Q039","M1_LL_SINGLY","Insertion after known node/value","Consider a linked list of n elements.  What is the time taken to insert an element after an element pointed by some pointer? (A) O (1) (B)  O ( ) n log2 (C) O (n) (D)  O ( ) n log n 2","1","","P3","D2","DOC-31","4","2","3","Objective Question Bank — Authority Unconfirmed","DOC-31-P04-PART1-Q26"
"M1-Q040","M1_LL_SINGLY","Insertion after known node/value","In a linked list with n nodes, the time taken to insert an element after an element pointed by some pointer is (A) 0 (1) (B)  0 (log n) (C) 0 (n) (D)  0 (n 1og n)","1","","P3","D2","DOC-31","6","2","3","Objective Question Bank — Authority Unconfirmed","DOC-31-P06-PART1-Q37"
"M1-Q041","M1_LL_SINGLY","Other singly-linked-list pattern","What data structure would you mostly likely see in a nonrecursive implementation of a recursive algorithm? (A) Stack (B) Linked list (C) Queue (D) Trees 7","1","","P3","D2","DOC-31","6","2","3","Objective Question Bank — Authority Unconfirmed","DOC-31-P06-PART1-Q42"
"M1-Q042","M1_LL_SINGLY","Other singly-linked-list pattern","A linear collection of data elements where the linear node is given by means of pointer is called (A)  linked list (B)  node list (C)  primitive list (D)  None of these","1","","P3","D2","DOC-31","8","2","3","Objective Question Bank — Authority Unconfirmed","DOC-31-P08-PART1-Q52"
"M1-Q043","M1_LL_SINGLY","Other singly-linked-list pattern","Two linked lists contain information of the same type in ascending order. Write a module to merge them to a single linked list that is sorted. (7)","1","","P3","D2","DOC-31","21","7","3","Objective Question Bank — Authority Unconfirmed","DOC-31-P21-PART2-Q09"
"M1-Q044","M1_LL_SINGLY","Other singly-linked-list pattern","Which sorting algorithm is easily adaptable to singly linked lists? Explain your answer. (4)","1","","P3","D1","DOC-31","40","4","3","Objective Question Bank — Authority Unconfirmed","DOC-31-P40-PART2-Q31"
"M1-Q045","M1_LL_SINGLY","Insertion at front","Write an algorithm to insert a node in the beginning of the linked list. (7)","1","","P3","D2","DOC-31","42","7","3","Objective Question Bank — Authority Unconfirmed","DOC-31-P42-PART2-Q37"
"M1-Q046","M1_LL_SINGLY","Insertion at position","Write an algorithm INSERT that takes a pointer to a sorted list and a pointer to a node and inserts the node into its correct position in the list. (8) 0 1 2 3 4 42 162 101 25 C 102 192 NULL 5 6 96 NULL NULL NULL NULL NULL 46","1","","P3","D2","DOC-31","45","","3","Objective Question Bank — Authority Unconfirmed","DOC-31-P45-PART2-Q44"
"M1-Q047","M1_LL_SINGLY","Insertion at end","Write a complete programme in C to create a single linked list. Write functions to do the following operations (i)   Insert a new node at the end (ii)  Delete the first node (8)","1","","P3","D2","DOC-31","65","8","3","Objective Question Bank — Authority Unconfirmed","DOC-31-P65-PART2-Q67"
"M1-Q048","M1_LL_SINGLY","Other singly-linked-list pattern","Define a sparse metrics. Explain the representation of a 4X4 matrix using linked list. (8)","1","","P3","D1","DOC-31","66","8","3","Objective Question Bank — Authority Unconfirmed","DOC-31-P66-PART2-Q68"
"M1-Q049","M1_LL_SINGLY","Other singly-linked-list pattern","Write a procedure to reverse a singly linked list. (8)","1","","P3","D2","DOC-31","77","8","3","Objective Question Bank — Authority Unconfirmed","DOC-31-P77-PART2-Q79"
"M1-Q050","M1_LL_SINGLY","Insertion at position","Write a procedure to insert a node into a linked list at a specific position and draw the same by taking any example? (8)","1","","P3","D2","DOC-31","83","8","3","Objective Question Bank — Authority Unconfirmed","DOC-31-P83-PART2-Q89"
"M1-Q051","M1_LL_CIRCULAR","Insertion at front","Which of the following statements is correct for a circular singly linked list with only a start pointer? (a) Both insertion and deletion at the front end take O(1) time (b) Only insertion at the front end takes O(1) time (c) Only deletion from the front end takes O(1) time (d) No insertion or deletion operation at either end is possible in O(1) time","8","","P1","D2","DOC-02","2","1","1","University Examination Paper","DOC-02-P02-Q01-sub-x; DOC-13-P01-Q01-sub-iii; DOC-14-P01-Q01-sub-iii; DOC-15-P01-Q01-sub-iii; DOC-16-P01-Q01-sub-iii; DOC-20-P02-Q01-sub-x; DOC-26-P02-Q01-sub-x; DOC-28-P02-MCQ-Q07"
"M1-Q052","M1_LL_CIRCULAR","Head vs tail pointer","How is a circular linked list with a head pointer different from a circular linked list with a tail pointer? Which of the two would be better suited for implementing a queue and why?     [(CO5)(Analyze/IOCQ)]","3","","P2","D4","DOC-02","3","","1","University Examination Paper","DOC-02-P03-Q04-sub-b; DOC-20-P03-Q04-sub-b; DOC-26-P03-Q04-sub-b"
"M1-Q053","M1_LL_CIRCULAR","Deletion at front","Can you implement an algorithm, which can perform “delete at front” of a circular linked list in constant time? Justify your answer with proper reasoning. [(CO2, CO4)(Understand, Analyze/LOCQ)]","3","","P2","D4","DOC-03","2","","1","University Examination Paper","DOC-03-P02-Q03-sub-a; DOC-04-P02-Q03-sub-a; DOC-05-P02-Q03-sub-a"
"M1-Q054","M1_INTRO_ALGO_PROG","Pseudocode and algorithm specification","Write a pseudo-code/C program to reverse a singly linked list. [(CO2, CO3)(Apply/LOCQ)]","3","","P2","D2","DOC-03","2","","1","University Examination Paper","DOC-03-P02-Q03-sub-b; DOC-04-P02-Q03-sub-b; DOC-05-P02-Q03-sub-b"
"M1-Q055","M1_INTRO_EFFICIENCY","Efficiency concepts and complexity","The time complexity of inserting an element at the beginning of a singly-circular linked list having only one external pointer pointing to the head is: (a) O (1) (b) O (log2n) (c) O (n) (d) O (n2)","4","","P1","D2","DOC-10","1","1","1","University Examination Paper","DOC-10-P01-Q01-sub-ii; DOC-11-P01-Q01-sub-ii; DOC-12-P01-Q01-sub-ii; DOC-28-P01-MCQ-Q05"
"M1-Q056","M1_LL_SINGLY","Other singly-linked-list pattern","What is the output of following function for start pointing to first node of the following linked list: 1->2->3->4->5->6? (a) 1 4 6 6 4 1 (b) 1 3 5 1 3 5 (c) 1 2 3 5 (d) 1 3 5 5 3 1","3","","P2","D3","DOC-10","1","1","1","University Examination Paper","DOC-10-P01-Q01-sub-iii; DOC-11-P01-Q01-sub-iii; DOC-12-P01-Q01-sub-iii"
"M1-Q057","M1_LL_SINGLY","Search suitability","Linked lists are not suitable to implement __________ search.","7","","P1","D2","DOC-10","2","1","1","University Examination Paper","DOC-10-P02-Q01-sub-xi; DOC-11-P02-Q01-sub-xi; DOC-12-P02-Q01-sub-xi; DOC-06-P02-Q01-sub-xiv; DOC-07-P02-Q01-sub-xiv; DOC-08-P02-Q01-sub-xiv; DOC-09-P02-Q01-sub-xiv"
"M1-Q058","M1_INTRO_ALGO_PROG","Pseudocode and algorithm specification","Write an algorithm/C-like pseudo code to delete the last element from a circular singly linked list. What is the time complexity of this operation? [(CO1,CO2)(Understand/LOCQ)] (5 + 1) + 2 + (3 + 1) = 12","3","","P2","D2","DOC-10","2","","1","University Examination Paper","DOC-10-P02-Q02-sub-c; DOC-11-P02-Q02-sub-c; DOC-12-P02-Q02-sub-c"
"M1-Q059","M1_LL_CIRCULAR","Head vs tail pointer","How is a circular linked list with a head pointer different from a circular linked list with a tail pointer? Which of the two would be better suited for implementing a queue and why, provided the list is allowed to have only one external pointer? [(CO5)(Analyse/IOCQ)]","4","","P1","D4","DOC-10","2","","1","University Examination Paper","DOC-10-P02-Q05-sub-b; DOC-11-P02-Q05-sub-b; DOC-12-P02-Q05-sub-b; DOC-28-P09-LA-Q36"
"M1-Q060","M1_INTRO_ASYMPTOTIC","Bound reasoning and proofs","If f(n)= O(g(n)) and g(n)=O(h(n)), then the relationship between f(n) and h(n) in terms of Big Oh notation is __________.","4","","P1","D2","DOC-13","2","1","1","University Examination Paper","DOC-13-P02-Q01-sub-xv; DOC-14-P02-Q01-sub-xv; DOC-15-P02-Q01-sub-xv; DOC-16-P02-Q01-sub-xv"
"M1-Q061","M1_INTRO_ALGO_PROG","Pseudocode and algorithm specification","Write an algorithm/C-like pseudo code to delete the last element from a circular singly linked list. What is the time complexity of this operation?","1","","P3","D1","DOC-28","8","","3","Practice / Problem Set","DOC-28-P08-LA-Q31"
"M1-Q062","M1_LL_CIRCULAR","Circular-list structure / invariant","In a circular linked list (A) components are all linked together in some sequential manner. (B) there is no beginning and no end. (C) components are arranged hierarchically. (D) forward and backward traversal within the list is permitted.","1","","P3","D2","DOC-31","5","2","3","Objective Question Bank — Authority Unconfirmed","DOC-31-P05-PART1-Q28"
"M1-Q063","M1_LL_CIRCULAR","Circular-list structure / invariant","What is the difference between a grounded header link list and a circular header link list? (3) 42","1","","P3","D1","DOC-31","41","","3","Objective Question Bank — Authority Unconfirmed","DOC-31-P41-PART2-Q36"
"M1-Q064","M1_INTRO_ALGO_PROG","Algorithm vs program","Write a program or pseudo code or algorithm to display node values in reverse order for a double linked list? [(CO4)(Understand/LOCQ)]","3","","P2","D2","DOC-03","2","","1","University Examination Paper","DOC-03-P02-Q02-sub-b; DOC-04-P02-Q02-sub-b; DOC-05-P02-Q02-sub-b"
"M1-Q065","M1_INTRO_EFFICIENCY","Efficiency concepts and complexity","A sorting method with time complexity O(n log n) spends exactly 1 millisecond to sort 1,000 data items. Assuming that time T(n) of sorting n items is directly proportional to n log n, that is, T(n) = cn log n, derive a formula for T(n), given the time T(N) for sorting N items, and estimate how long this method will take to sort 1,000,000 items. [(CO4)(Analyse/HOCQ)] (4 + 1) + 3 + 4 = 12","3","","P2","D4","DOC-03","2","","1","University Examination Paper","DOC-03-P02-Q02-sub-c; DOC-04-P02-Q02-sub-c; DOC-05-P02-Q02-sub-c"
"M1-Q066","M1_LL_DOUBLY","DLL structure / pointer invariants","Deleting a node at the end of a double linked list, where head & tail both are known would take time — (a) O(1) (b) O(n) (c) O(logn) (d) O(nlogn).","4","","P1","D2","DOC-06","1","1","1","University Examination Paper","DOC-06-P01-Q01-sub-i; DOC-07-P01-Q01-sub-i; DOC-08-P01-Q01-sub-i; DOC-09-P01-Q01-sub-i"
"M1-Q067","M1_LL_DOUBLY","DLL structure / pointer invariants","T(n) = O(log n200), F(n) = O(n0.999) (a) T(n) = O(F(n)) (b) T(n) = Ω(F(n)) (c) T(n) = Θ(F(n)) (d) None of the above.","4","","P1","D2","DOC-06","1","1","1","University Examination Paper","DOC-06-P01-Q01-sub-iii; DOC-07-P01-Q01-sub-iii; DOC-08-P01-Q01-sub-iii; DOC-09-P01-Q01-sub-iii"
"M1-Q068","M1_INTRO_EFFICIENCY","Best / average / worst-case reasoning","Worst-case time complexity of a comparison-based sort cannot be better than, (a) O(nlogn) (b) O(n2) (c) O(n) (d) O(nlognlogn).","4","","P1","D2","DOC-06","1","1","1","University Examination Paper","DOC-06-P01-Q01-sub-v; DOC-07-P01-Q01-sub-v; DOC-08-P01-Q01-sub-v; DOC-09-P01-Q01-sub-v"
"M1-Q069","M1_INTRO_ALGO_PROG","Pseudocode and algorithm specification","Write the pseudo-code of inserting an element after a given value in a doubly linked list. Your code should work for any position of the given value. Show proper error messages, if any. [(CO1)(Understand and Remember/LOCQ)]","9","","P1","D2","DOC-06","3","","1","University Examination Paper","DOC-06-P03-Q03-sub-c; DOC-07-P03-Q03-sub-c; DOC-08-P03-Q03-sub-c; DOC-09-P03-Q03-sub-c; DOC-13-P02-Q02-sub-b; DOC-14-P02-Q02-sub-b; DOC-15-P02-Q02-sub-b; DOC-16-P02-Q02-sub-b; DOC-28-P08-LA-Q28"
"M1-Q070","M1_LL_DOUBLY","Insertion","Write an algorithm to insert a node in the kth position of a doubly linked list.","2","","P2","D2","DOC-22","2","","1","University Examination Paper","DOC-22-P02-Q02-sub-b; DOC-23-P02-Q02-sub-b"
"M1-Q071","M1_INTRO_ALGO_PROG","Pseudocode and algorithm specification","How is a doubly linked list more useful than a singly linked list? Write a program/pseudo code to add an element after a given element in a doubly linked list.","1","","P3","D2","DOC-25","2","","1","University Examination Paper","DOC-25-P02-Q03-sub-a"
"M1-Q072","M1_INTRO_CONCEPTS","Data, data type and data structure","Why is a Linked List called a self-referential data type? Represent the polynomial 6x5 + 10x2 + x + 5 using a Linked List. (2 + 6) + (2 + 2) = 12","1","","P3","D3","DOC-25","2","","1","University Examination Paper","DOC-25-P02-Q03-sub-b"
"M1-Q073","M1_LL_DOUBLY","DLL structure / pointer invariants","Deleting a node at the end of a double linked list, where head & tail both are known would take time: (a) O(1) (b) O(n) (c) O(log n) (d) O(n log n)","1","","P3","D2","DOC-28","1","","3","Practice / Problem Set","DOC-28-P01-MCQ-Q06"
"M1-Q074","M1_LL_DOUBLY","DLL structure / pointer invariants","What are doubly linked lists?","1","","P3","D2","DOC-30","22","","3","Question Bank — Authority Unconfirmed","DOC-30-P22-Q91"
"M1-Q075","M1_LL_DOUBLY","DLL structure / pointer invariants","Which of the following operations is performed more efficiently by doubly linked list than by singly linked list? (A) Deleting a node whose location in given (B) Searching of an unsorted list for a given item (C) Inverting a node after the node with given location (D) Traversing a list to process each node","1","","P3","D2","DOC-31","12","2","3","Objective Question Bank — Authority Unconfirmed","DOC-31-P12-PART1-Q75"
"M1-Q076","M1_LL_DOUBLY","Deletion","The time required to delete a node x from a doubly linked list having n nodes is (A)  O (n) (B) O (log n) (C)  O (1) (D) O (n log n)","2","","P2","D2","DOC-31","14","2","3","Objective Question Bank — Authority Unconfirmed","DOC-31-P14-PART1-Q91; DOC-31-P15-PART1-Q96"
"M1-Q077","M1_ARRAY_REPRESENTATION","Array representation","In a 2D array int arr[100][50], the base address is 100. Then what will be the address of arr[50][30]? (a) 5162 (b) 5160 (c) 5100 (d) None of these","3","","P2","D3","DOC-02","1","1","1","University Examination Paper","DOC-02-P01-Q01-sub-i; DOC-20-P01-Q01-sub-i; DOC-26-P01-Q01-sub-i"
"M1-Q078","M1_ARRAY_REPRESENTATION","Column-major address calculation","Given a 2D matrix of dimension 100 x 200 and also given that the base address of the 2D array is 2020. Assume that the array index of the matrix starts from [10, 20]. Find the address of the element with index [50,160] for column major ordering.  [(CO2) (Understand/IOCQ)]","3","","P2","D3","DOC-02","3","","1","University Examination Paper","DOC-02-P03-Q03-sub-c; DOC-20-P03-Q03-sub-c; DOC-26-P03-Q03-sub-c"
"M1-Q079","M1_ARRAY_REPRESENTATION","Row-major vs column-major","If the base address of an array Z with dimension 10X20 is 2023 and the array elements are stored in column-major ordering, what will be the address of the element  Z[10][15]? In case Z is stored using row-major ordering, what will be the memory address of the same element?                  [(CO1)(Understand & Remember/LOCQ)]","4","","P1","D3","DOC-06","2","","1","University Examination Paper","DOC-06-P02-Q03-sub-b; DOC-07-P02-Q03-sub-b; DOC-08-P02-Q03-sub-b; DOC-09-P02-Q03-sub-b"
"M1-Q080","M1_ARRAY_REPRESENTATION","Row-major address calculation","Let A be a two-dimensional array declared as follows: A: array [1…10] [1…15] of character; Assuming that each character takes one memory locations the array is stored in row-major order and the first element of the array is stored in location 100, what is the address of the element A[i][j] ? (a) 15i + j + 84 (b) 15j + i + 84 (c) 10i + j + 89 (d) 10j + i + 89","4","","P1","D3","DOC-10","1","1","1","University Examination Paper","DOC-10-P01-Q01-sub-i; DOC-11-P01-Q01-sub-i; DOC-12-P01-Q01-sub-i; DOC-28-P01-MCQ-Q01"
"M1-Q081","M1_ARRAY_REPRESENTATION","Row-major address calculation","Let A be a two-dimensional array declared as follows: A: array [1…10] [1…15] of character; Assuming that each character takes one memory location, the array is stored in row-major order and the first element of the array is stored in location 100, what is the address of the element A[i][j] ? (a) 15i + j + 84 (b) 15j + i + 84 (c) 10i + j + 89 (d) 10j + i + 89","4","","P1","D3","DOC-13","1","1","1","University Examination Paper","DOC-13-P01-Q01-sub-i; DOC-14-P01-Q01-sub-i; DOC-15-P01-Q01-sub-i; DOC-16-P01-Q01-sub-i"
"M1-Q082","M1_ARRAY_REPRESENTATION","Row-major vs column-major","Given a 2D integer array of dimension 100 x 200 and also given that the base address of the 2D array is 2020. Assume that the array index of the matrix starts from [10, 20]. Find the address of the element with index [50,160] for column major ordering and row major ordering.","1","","P3","D3","DOC-28","6","","3","Practice / Problem Set","DOC-28-P06-LA-Q03"
"M1-Q083","M1_INTRO_ASYMPTOTIC","Bound reasoning and proofs","Consider the linear arrays AAA(5:50), BBB (-5:10) and CCC(18). (a) Find the number of elements in each array (b) Suppose Base(AAA) = 300 and w=4 words per memory cell for AAA. Find the address of AAA[15], AAA[35] and AAA[55] Ans : (a) Length = Upper Bound (UB) – Lower Boun d (LB) +1 Length(AAA) = 50-5+1 = 46 Length(BBB) = 10-(-5)+1 = 16 Length(CCC) = 18-1+1 = 18 (b) Using the formula: LOC(AAA[k]) = Base(AAA)+w(K- LB) LOC(AAA[15] )= 300+4(15-5) = 340 LOC(AAA[35] )= 300+4(35-5) = 420 AAA[55] is not an element of AAA since 55 exceeds UB = 50.","1","","P3","D3","DOC-30","8","","3","Question Bank — Authority Unconfirmed","DOC-30-P08-Q31"
"M1-Q084","M1_ARRAY_REPRESENTATION","Array representation","What is the condition to be checked for the multiplication of two matrices? Ans :If matrices are to be multiplied, the number of columns of first matrix should be equal to the number of rows of second matrix.","1","","P3","D2","DOC-30","10","","3","Question Bank — Authority Unconfirmed","DOC-30-P10-Q42"
"M1-Q085","M1_LL_APPLICATIONS","Linked-list vs array / applications","What are the limitations of arrays? Ans :The following are the limitations of arrays: Arrays are of fixed size. Data elements are stored in continuous memory locations which may not be available always. Adding and removing of elements is problematic because of shifting the locations.","1","","P3","D2","DOC-30","11","","3","Question Bank — Authority Unconfirmed","DOC-30-P11-Q49"
"M1-Q086","M1_LL_APPLICATIONS","Linked-list vs array / applications","How can you overcome the limitations of arrays? Ans :Limitations of arrays can be solved by using the linked list.","1","","P3","D2","DOC-30","11","","3","Question Bank — Authority Unconfirmed","DOC-30-P11-Q50"
"M1-Q087","M1_ARRAY_REPRESENTATION","Array representation","The complexity of multiplying two matrices of order m*n and n*p is (A)  mnp (B)  mp (C)  mn (D)  np","1","","P3","D2","DOC-31","3","2","3","Objective Question Bank — Authority Unconfirmed","DOC-31-P03-PART1-Q13"
"M1-Q088","M1_ARRAY_REPRESENTATION","Row-major vs column-major","If the address of A[1][1] and A[2][1] are 1000 and 1010 respectively and each element occupies 2 bytes then the array has been stored in _________ order. (A)  row major (B)  column major (C)  matix major (D)  none of these","1","","P3","D3","DOC-31","8","2","3","Objective Question Bank — Authority Unconfirmed","DOC-31-P08-PART1-Q54"
"M1-Q089","M1_ARRAY_REPRESENTATION","Row-major address calculation","A two dimensional array TABLE [6] [8] is stored in row major order with base address 351. What is the address of TABLE [3] [4]?","1","","P3","D1","DOC-31","11","2","3","Objective Question Bank — Authority Unconfirmed","DOC-31-P11-PART1-Q69"
"M1-Q090","M1_ARRAY_REPRESENTATION","Special matrix representation","Explain an efficient way of storing two symmetric matrices of the same order in memory. (4)","1","","P3","D2","DOC-31","18","4","3","Objective Question Bank — Authority Unconfirmed","DOC-31-P18-PART2-Q05"
"M1-Q091","M1_ARRAY_REPRESENTATION","Array representation","Define the term array. How are two-dimensional arrays represented in memory? Explain how address of an element is calculated in a two dimensional array. (8)","1","","P3","D1","DOC-31","32","8","3","Objective Question Bank — Authority Unconfirmed","DOC-31-P32-PART2-Q20"
"M1-Q092","M1_ARRAY_REPRESENTATION","Row-major address calculation","Explain the method to calculate the address of an element in an array. A 4 25× matrix array DATA is stored in memory in ‘row-major order’.  If base address is 200 and 4 = ω words per memory cell.  Calculate the address of DATA [12, 3] . (8)","1","","P3","D3","DOC-31","41","8","3","Objective Question Bank — Authority Unconfirmed","DOC-31-P41-PART2-Q35"
"M1-Q093","M1_ARRAY_REPRESENTATION","Array representation","By taking an example show how multidimensional array can be represented in one dimensional array. (8)","1","","P3","D3","DOC-31","79","8","3","Objective Question Bank — Authority Unconfirmed","DOC-31-P79-PART2-Q82"
"M1-Q094","M1_ARRAY_SPARSE","Triplet / 3-tuple representation","In which format(s) can we represent a sparse matrix (a) triplet format (b) CSR/YALE format (c) both (a) and (b) (d) none of these.","2","","P2","D1","DOC-01","1","1","1","Backlog / Special Examination Paper","DOC-01-P01-Q01-sub-iii; DOC-21-P01-Q01-sub-iii"
"M1-Q095","M1_ARRAY_SPARSE","Sparse-matrix definition","What is a sparse matrix?     [(CO1) (Remember/LOCQ)] Given the following 4 × 5 matrix: 0  0  6  0  0 0  0  0  0  0","7","","P1","D1","DOC-02","2","","1","University Examination Paper","DOC-02-P02-Q02-sub-a; DOC-13-P02-Q02-sub-c; DOC-14-P02-Q02-sub-c; DOC-15-P02-Q02-sub-c; DOC-16-P02-Q02-sub-c; DOC-20-P02-Q02-sub-a; DOC-26-P02-Q02-sub-a"
"M1-Q096","M1_ARRAY_SPARSE","Triplet / 3-tuple representation","0  2  0  0 0  3  0  7  0 Compute its triplet array equivalent.  [(CO1) (Compute/LOCQ)] Is it beneficial to store this matrix as a triplet array? Justify your answer. [(CO1) (Contrast/IOCQ)]","7","","P1","D4","DOC-02","2","","1","University Examination Paper","DOC-02-P02-Q04; DOC-13-P02-Q04; DOC-14-P02-Q04; DOC-15-P02-Q04; DOC-16-P02-Q04; DOC-20-P02-Q04; DOC-26-P02-Q04"
"M1-Q097","M1_INTRO_EFFICIENCY","Efficiency concepts and complexity","If the number of nonzero elements in the triple representation of a sparse matrix of m × n dimension is K, then what is the time complexity to read an element from the index [i][j] of the sparse matrix. Assume that the sparse matrix is stored in triple format. [(CO4)(Analyze/LOCQ)]","4","","P1","D4","DOC-10","2","","1","University Examination Paper","DOC-10-P02-Q02-sub-b; DOC-11-P02-Q02-sub-b; DOC-12-P02-Q02-sub-b; DOC-28-P06-LA-Q08"
"M1-Q098","M1_ARRAY_SPARSE","Sparse storage / access / benefit","What is a Sparse matrix? How is a sparse matrix stored to avoid memory wastage? Show with a suitable example. (2 + 2 + 3) + (2 + 3) = 12","1","","P3","D2","DOC-25","2","","1","University Examination Paper","DOC-25-P02-Q02-sub-b"
"M1-Q099","M1_ARRAY_SPARSE","Triplet / 3-tuple representation","The order of the triplet array representation of a 5 x 10 matrix which has 15 non-zero elements is ______.","1","","P3","D1","DOC-28","5","","3","Practice / Problem Set","DOC-28-P05-SA-Q02"
"M1-Q100","M1_ARRAY_SPARSE","Triplet / 3-tuple representation","What is a sparse matrix? Given the following 4 × 5 matrix: 0 0 6 0 0 0 0 0 0 0 4 0 2 0 0 0 3 0 7 0 Compute its triplet array equivalent. Is it beneficial to store this matrix as a triplet array? Justify your answer.","1","","P3","D4","DOC-28","6","","3","Practice / Problem Set","DOC-28-P06-LA-Q06"
"M1-Q101","M1_INTRO_EFFICIENCY","Best / average / worst-case reasoning","We measure best case time complexity of any algorithm by using (a) Θ(n) (b) θ(n) (c) O(n) (d) Ω(n) where n is the number of inputs.","2","","P2","D2","DOC-01","1","1","1","Backlog / Special Examination Paper","DOC-01-P01-Q01-sub-i; DOC-21-P01-Q01-sub-i"
"M1-Q102","M1_INTRO_ASYMPTOTIC","Bound reasoning and proofs","Find the Big-Oh for T(n) = 48n100+ 2n+2 + 3n2 + 100. [(CO2)(Apply/IOCQ)] (6 + 1) + 3 + 2 = 12","3","","P2","D2","DOC-10","2","","1","University Examination Paper","DOC-10-P02-Q03-sub-c; DOC-11-P02-Q03-sub-c; DOC-12-P02-Q03-sub-c"
"M1-Q103","M1_INTRO_ASYMPTOTIC","Growth-order recognition","The running time of a linear time algorithm is (a) O(1) (b) O(n) (c) O(n log n) (d) O(log n)","2","","P2","D2","DOC-22","1","1","1","University Examination Paper","DOC-22-P01-Q01-sub-ii; DOC-23-P01-Q01-sub-ii"
"M1-Q104","M1_INTRO_ASYMPTOTIC","Bound reasoning and proofs","The memory address of fifth element of an array can be calculated by the formula (a)  LOC(Array[5]=Base(Array)+w(5-lower bound), where w is the number of words per memory cell for the array (b)  LOC(Array[5])=Base(Array[5])+(5-lower bound), where w is the number of words per memory cell for the array (c)  LOC(Array[5])=Base(Array[4])+(5-Upper bound), where w is the number of words per memory cell for the array (d)  None of above","2","","P2","D3","DOC-22","1","1","1","University Examination Paper","DOC-22-P01-Q01-sub-vi; DOC-23-P01-Q01-sub-vi"
"M1-Q105","M1_INTRO_ASYMPTOTIC","Bound reasoning and proofs","Explain that 10n3 + 20n ≠ O(n2). (3 + 3) + 2 + 4 = 12","2","","P2","D2","DOC-22","2","","1","University Examination Paper","DOC-22-P02-Q03-sub-c; DOC-23-P02-Q03-sub-c"
"M1-Q106","M1_INTRO_ASYMPTOTIC","Growth-order recognition","Which notation provides a strict lower bound for f(n)? (a) Omega (b) Big O (c) Small o (d) Theta.","1","","P3","D1","DOC-25","1","1","1","University Examination Paper","DOC-25-P01-Q01-sub-vi"
"M1-Q107","M1_INTRO_EFFICIENCY","Time vs space complexity","What do you understand by Time and Space complexity? How is Big-O notation used for complexity analysis of algorithms?","1","","P3","D2","DOC-25","2","","1","University Examination Paper","DOC-25-P02-Q02-sub-a"
"M1-Q108","M1_INTRO_ASYMPTOTIC","Bound reasoning and proofs","Find the Big-Oh for T(n) = 48n100+ 2n+2 + 3n2 + 100.","1","","P3","D2","DOC-28","6","","3","Practice / Problem Set","DOC-28-P06-LA-Q04"
"M1-Q109","M1_INTRO_ASYMPTOTIC","Growth-order recognition","The span of a stock’s price on a certain day, d, is the maximum number of consecutive days (up to the current day) the price of the stock has been less than or equal to its price on d. An example is give below: Day # 1 2 3 4 5 6 Price 9 3 5 2 7 12 Span 1 1 2 1 4 6 A naive comparison based algorithm will run in O(n2) time. You have to design an algorithm using stack so that the algorithm can be run in O(n) time. RECURSION","1","","P3","D4","DOC-28","7","","3","Practice / Problem Set","DOC-28-P07-LA-Q21"
"M1-Q110","M1_ARRAY_REPRESENTATION","1D array bounds / representation","The smallest element of an array’s index is called its (A) lower bound. (B)  upper bound. (C) range. (D)  extraction. 5","1","","P3","D2","DOC-31","4","2","3","Objective Question Bank — Authority Unconfirmed","DOC-31-P04-PART1-Q27"
"M1-Q111","M1_INTRO_ASYMPTOTIC","Growth-order recognition","O(N) (linear time) is better than O(1) constant time. (A) True (B)  False","1","","P3","D1","DOC-31","9","2","3","Objective Question Bank — Authority Unconfirmed","DOC-31-P09-PART1-Q58"
"M1-Q112","M1_ARRAY_REPRESENTATION","1D array bounds / representation","The largest element of an array index is called its (A)  lower bound. (B)  range. (C)  upper bound. (D)  All of these.","1","","P3","D2","DOC-31","13","2","3","Objective Question Bank — Authority Unconfirmed","DOC-31-P13-PART1-Q81"
"M1-Q113","M1_INTRO_ASYMPTOTIC","Bound reasoning and proofs","An, array, A contains n unique integers from the range x to y (x and y inclusive where n=y-x). That is, there is one member that is not in A. Design an O(n) time algorithm for finding that number. (8)","1","","P3","D4","DOC-31","33","8","3","Objective Question Bank — Authority Unconfirmed","DOC-31-P33-PART2-Q21"
"M1-Q114","M1_INTRO_ASYMPTOTIC","Growth-order recognition","Why do we use a symptotic notation in the study of algorithm? Describe commonly used asymptotic notations and give their significance. (8) 50","1","","P3","D2","DOC-31","49","","3","Objective Question Bank — Authority Unconfirmed","DOC-31-P49-PART2-Q50"
"M1-Q115","M1_INTRO_ALGO_PROG","Algorithm vs program","An unsorted array contains 2n+1 integers such taht all but one element occur twice each. Write a program/pseudo-code/algorithm that can find the element occuring exactly once in this array. What is its time complexity? [(CO1, CO5)(Understand/HOCQ)]","3","","P2","D2","DOC-03","2","","1","University Examination Paper","DOC-03-P02-Q02-sub-a; DOC-04-P02-Q02-sub-a; DOC-05-P02-Q02-sub-a"
"M1-Q116","M1_INTRO_ALGO_PROG","Pseudocode and algorithm specification","Write the non-recursive pseudo-code for Binary-search? State its best-case and average case complexity. [(CO2)(Remember/IOCQ)]","3","","P2","D2","DOC-10","3","","1","University Examination Paper","DOC-10-P03-Q09-sub-a; DOC-11-P03-Q09-sub-a; DOC-12-P03-Q09-sub-a"
"M1-Q117","M1_INTRO_ALGO_PROG","Pseudocode and algorithm specification","Suppose you are given an array containing 0s and 1s in the following manner – a string of 0s trapped between two strings of 1s, eg. 111111000001111. It is also given that none of these three strings is empty, i.e., each of these three strings contains at least one character (or digit) and that the median (middle) element is a 0. (i)  Write a pseudo-code to determine both the left and right boundaries of the middle string of 0s, i.e. the output of your code should give the two indices of the leftmost 0 and the rightmost position 0. (ii)  What is minimum size of the array possible? [(CO4)(Apply/IOCQ)] (1 + 2) + 2 + (6 + 1) = 12 Cognition Level LOCQ IOCQ HOCQ Percentage distribution 29.17 53.12 17.71","4","","P1","D3","DOC-13","3","","1","University Examination Paper","DOC-13-P03-Q09-sub-c; DOC-14-P03-Q09-sub-c; DOC-15-P03-Q09-sub-c; DOC-16-P03-Q09-sub-c"
"M1-Q118","M1_INTRO_ALGO_PROG","Pseudocode and algorithm specification","When do you say that a certain sorting algorithm is stable? The following pseudo-code works on an array of records indexed from 1 to n, where kj is the key of the record of type integer present at index j. What job does it perform? What changes occur (if any) if you change the ≤ operator in the above pseudo-code to (i)   < (ii)  ≥ (iii) >","1","","P3","D2","DOC-28","12","","3","Practice / Problem Set","DOC-28-P12-LA-Q63"
"M1-Q119","M1_INTRO_ALGO_PROG","Pseudocode and algorithm specification","Write the non-recursive pseudo-code for Binary-search. State its best-case and average case complexity.","1","","P3","D2","DOC-28","13","","3","Practice / Problem Set","DOC-28-P13-LA-Q75"
"M1-Q120","M1_INTRO_ALGO_PROG","Characteristics of a good algorithm","What is an algorithm?  What are the characteristics of a good algorithm? (4)","1","","P3","D1","DOC-31","16","4","3","Objective Question Bank — Authority Unconfirmed","DOC-31-P16-PART2-Q01"
"M1-Q121","M1_INTRO_ALGO_PROG","Algorithm fundamentals","List various problem solving techniques. (5)","1","","P3","D2","DOC-31","85","5","3","Objective Question Bank — Authority Unconfirmed","DOC-31-P85-PART2-Q93"
"M1-Q122","M1_INTRO_ASYMPTOTIC","Bound reasoning and proofs","State if the following statement is correct. Justify your answer. O(n2) = 2n2+100. [(CO1) (Apply/IOCQ)]","3","","P2","D4","DOC-02","2","","1","University Examination Paper","DOC-02-P02-Q03-sub-a; DOC-20-P02-Q03-sub-a; DOC-26-P02-Q03-sub-a"
"M1-Q123","M1_INTRO_EFFICIENCY","Best / average / worst-case reasoning","If for an algorithm, f(n) = 3n2+10, state the worst case asymptotic time complexity of the algorithm. Show that it follows from the definition of worst case asymptotic time complexity.  [(CO1) (Apply/IOCQ)] (1 + 3 + 2) + 3.5 + (0.5 + 2) = 12","3","","P2","D2","DOC-02","2","","1","University Examination Paper","DOC-02-P02-Q04-sub-c; DOC-20-P02-Q04-sub-c; DOC-26-P02-Q04-sub-c"
"M1-Q124","M1_INTRO_ASYMPTOTIC","Bound reasoning and proofs","f(n) = 3n2+10n; g(n) = 2n3 ;  then (a) g(n)  O(f(n)) (b) g(n)  Ω(f(n)) (c) g(n)  Ө(f(n)) (d) all of these.","3","","P2","D2","DOC-03","2","1","1","University Examination Paper","DOC-03-P02-Q01-sub-ix; DOC-04-P02-Q01-sub-ix; DOC-05-P02-Q01-sub-ix"
"M1-Q125","M1_INTRO_ASYMPTOTIC","Bound reasoning and proofs","Prove: n2 + 100 n  =  (n2). [(CO1)(Understand and Remember/LOCQ)]","8","","P1","D4","DOC-06","2","","1","University Examination Paper","DOC-06-P02-Q03-sub-a; DOC-07-P02-Q03-sub-a; DOC-08-P02-Q03-sub-a; DOC-09-P02-Q03-sub-a; DOC-13-P02-Q02-sub-a; DOC-14-P02-Q02-sub-a; DOC-15-P02-Q02-sub-a; DOC-16-P02-Q02-sub-a"
"M1-Q126","M1_INTRO_ASYMPTOTIC","Growth-order recognition","Time complexities of three algorithms are given.  Which should execute the slowest for large values of N? (A) ( ) 2 1 N O (B) ( ) N O (C) ( ) N O log (D) None of these","1","","P3","D2","DOC-31","10","2","3","Objective Question Bank — Authority Unconfirmed","DOC-31-P10-PART1-Q64"
"M1-Q127","M1_INTRO_ASYMPTOTIC","Bound reasoning and proofs","Compare two functions 2 n  and 4 2n for various values of n.  Determine when second becomes larger than first. (5) When n=8, the value of n2 and 2n/4 is same. Before that n2 >2n/4, and after this value n2< 2n/4.","1","","P3","D4","DOC-31","17","","3","Objective Question Bank — Authority Unconfirmed","DOC-31-P17-PART2-Q03"
"M1-Q128","M1_INTRO_EFFICIENCY","Efficiency concepts and complexity","Write an algorithm to merge eight sorted queues into one single queue in such a way that duplicates are removed and the resultant queue is sorted also. Comment on the time complexity of your algorithm. More credits will be given to more efficient algorithms. [(CO2)(Analyse/IOCQ)]","5","","P1","D4","DOC-13","2","","1","University Examination Paper","DOC-13-P02-Q04-sub-a; DOC-14-P02-Q04-sub-a; DOC-15-P02-Q04-sub-a; DOC-16-P02-Q04-sub-a; DOC-28-P07-LA-Q13"
"M1-Q129","M1_INTRO_EFFICIENCY","Time vs space complexity","How can you reverse an array without using an extra array? Provide the algorithm and analyze its time and space complexity.","1","","P3","D4","DOC-28","6","","3","Practice / Problem Set","DOC-28-P06-LA-Q09"
"M1-Q130","M1_INTRO_EFFICIENCY","Efficiency concepts and complexity","An algorithm is made up of two independent time complexities f (n) and g (n). Then the complexities of the algorithm is in the order of (A) f(n) x g(n) (B) Max ( f(n),g(n)) (C) Min (f(n),g(n)) (D) f(n) + g(n)","1","","P3","D2","DOC-31","9","2","3","Objective Question Bank — Authority Unconfirmed","DOC-31-P09-PART1-Q60"
"M1-Q131","M1_INTRO_EFFICIENCY","Time vs space complexity","How do you find the complexity of an algorithm?  What is the relation between the time and space complexities of an algorithm?  Justify your answer with an example. (5)","1","","P3","D4","DOC-31","16","5","3","Objective Question Bank — Authority Unconfirmed","DOC-31-P16-PART2-Q02"
"M1-Q132","M1_INTRO_EFFICIENCY","Best / average / worst-case reasoning","What do you mean by complexity of an algorithm?  Explain the meaning of worst case analysis and best case analysis with an example. (8)","1","","P3","D2","DOC-31","41","8","3","Objective Question Bank — Authority Unconfirmed","DOC-31-P41-PART2-Q34"
"M1-Q133","M1_INTRO_EFFICIENCY","Efficiency concepts and complexity","Propose an algorithm to remove duplicates from an ordered array, without using any second array. For example, if the original content of the array is: 1, 1, 3, 4, 8, 8, 10, 10, 25, 28, 30, 30, 30; then the final content of the array should be 1,3,4,8,10,25,28,30 What is the time complexity of the proposed algorithm? [(CO1,CO4)(Analyze/IOCQ)]","3","","P2","D4","DOC-10","2","","1","University Examination Paper","DOC-10-P02-Q02-sub-a; DOC-11-P02-Q02-sub-a; DOC-12-P02-Q02-sub-a"
"M1-Q134","M1_ARRAY_REPRESENTATION","Array representation","Given an integer array arr[ ]; the i-th element can be accessed by writing (a) *(arr+i) (b) arr[i]             (c) both (a) and (b) (d) *arr + i","2","","P2","D2","DOC-22","2","1","1","University Examination Paper","DOC-22-P02-Q01-sub-ix; DOC-23-P02-Q01-sub-ix"
"M1-Q135","M1_INTRO_EFFICIENCY","Efficiency concepts and complexity","Propose an algorithm to remove duplicates from an ordered array, without using any second array. For example, if the original content of the array is: 1, 1, 3, 4, 8, 8, 10, 10, 25, 28, 30, 30, 30; then the final content of the array should be 1,3,4,8,10,25,28,30. What is the time complexity of the proposed algorithm?","1","","P3","D2","DOC-28","6","","3","Practice / Problem Set","DOC-28-P06-LA-Q07"
"M1-Q136","M1_ARRAY_REPRESENTATION","Array representation","What values are automatically assigned to those array elements which are not explicitly initialized?","1","","P3","D1","DOC-31","10","2","3","Objective Question Bank — Authority Unconfirmed","DOC-31-P10-PART1-Q66"
"M1-Q137","M1_ARRAY_REPRESENTATION","1D array bounds / representation","What is a linear array? Explain how two dimensional arrays are represented in memory. (8)","1","","P3","D1","DOC-31","64","8","3","Objective Question Bank — Authority Unconfirmed","DOC-31-P64-PART2-Q65"
"M1-Q138","M1_ARRAY_REPRESENTATION","Array manipulation","Write an algorithm to merge two sorted arrays into a third array. Do not sort the third array. (8)","1","","P3","D2","DOC-31","64","8","3","Objective Question Bank — Authority Unconfirmed","DOC-31-P64-PART2-Q66"
"M1-Q139","M1_INTRO_CONCEPTS","ADT vs data type / data structure","Define Omega-notation and Theta-notation. What is an abstract data type? Why array is called an abstract data type?","2","","P2","D1","DOC-22","2","","1","University Examination Paper","DOC-22-P02-Q03-sub-a; DOC-23-P02-Q03-sub-a"
"M1-Q140","M1_INTRO_CONCEPTS","ADT vs data type / data structure","What is the difference between an abstract data type (ADT) and a data structure? ARRAY APPLICATIONS","1","","P3","D1","DOC-28","6","","3","Practice / Problem Set","DOC-28-P06-LA-Q05"
"M1-Q141","M1_INTRO_CONCEPTS","Linear / non-linear and primitive / non-primitive classification","A mathematical-model with a collection of operations defined on that model is called (A) Data Structure (B)  Abstract Data Type (C)  Primitive Data Type (D)  Algorithm","1","","P3","D1","DOC-31","2","2","3","Objective Question Bank — Authority Unconfirmed","DOC-31-P02-PART1-Q10"
"M1-Q142","M1_INTRO_CONCEPTS","ADT vs data type / data structure","Representation of data structure in memory is known as: (A)  recursive (B)  abstract data type (C)  storage structure (D)  file structure","1","","P3","D3","DOC-31","8","2","3","Objective Question Bank — Authority Unconfirmed","DOC-31-P08-PART1-Q53"
"M1-Q143","M1_INTRO_CONCEPTS","Linear / non-linear and primitive / non-primitive classification","An ADT is defined to be a mathematical model of a user-defined type along with the collection of all ____________ operations on that model. (A) Cardinality (B) Assignment (C) Primitive (D) Structured","1","","P3","D2","DOC-31","9","2","3","Objective Question Bank — Authority Unconfirmed","DOC-31-P09-PART1-Q59"
"M1-Q144","M1_INTRO_CONCEPTS","Data, data type and data structure","How does an array differ from an ordinary variable?","1","","P3","D2","DOC-31","10","2","3","Objective Question Bank — Authority Unconfirmed","DOC-31-P10-PART1-Q65"
"M1-Q145","M1_INTRO_CONCEPTS","ADT vs data type / data structure","Define data type and abstract data type. Comment upon the significance of both. (8)","1","","P3","D1","DOC-31","76","8","3","Objective Question Bank — Authority Unconfirmed","DOC-31-P76-PART2-Q78"
"M1-Q146","M1_ARRAY_POLYNOMIAL","Polynomial representation","How can you represent the polynomial 5x5 + 4x2 – 25x + 10 with array(s)? Additionally, if a singly linked list is used to represent this polynomial instead, would the arithmetic operations like addition/subtraction become more efficient? Provide your analysis. [(CO2,CO5)(Apply)/IOCQ)]","5","","P1","D3","DOC-13","2","","1","University Examination Paper","DOC-13-P02-Q03-sub-b; DOC-14-P02-Q03-sub-b; DOC-15-P02-Q03-sub-b; DOC-16-P02-Q03-sub-b; DOC-28-P09-LA-Q33"
"M1-Q147","M1_ARRAY_POLYNOMIAL","Polynomial evaluation","The minimum number of multiplications and additions required to evaluate the polynomial P = 4x3+3x2-15x+45 is (A)  6 & 3 (B)  4 & 2 (C)  3 & 3 (D)  8 & 3","1","","P3","D3","DOC-31","5","2","3","Objective Question Bank — Authority Unconfirmed","DOC-31-P05-PART1-Q30"
"M1-Q148","M1_LL_APPLICATIONS","Linked-list vs array / applications","State the advantages and disadvantages of linked list over array. [(CO4)(Remember/LOCQ)]","3","","P2","D2","DOC-10","2","","1","University Examination Paper","DOC-10-P02-Q03-sub-b; DOC-11-P02-Q03-sub-b; DOC-12-P02-Q03-sub-b"
"M1-Q149","M1_LL_APPLICATIONS","Multilinked structure applications","List out few of the applications that make use of Multilinked Structures?","1","","P3","D2","DOC-30","2","","3","Question Bank — Authority Unconfirmed","DOC-30-P02-Q10"
"M1-Q150","M1_ARRAY_REPRESENTATION","Special matrix representation","What is an upper triangular matrix? Give Example. How is an upper triangular matrix stored in the computer memory?","2","","P2","D1","DOC-22","2","","1","University Examination Paper","DOC-22-P02-Q02-sub-c; DOC-23-P02-Q02-sub-c"
"M1-Q151","M1_ARRAY_REPRESENTATION","Array representation","Write the syntax for multiplication of matrices? Ans : for (=0; < value;++) { for (=0; < value;++) { for (=0; < value;++) { arr[var1][var2] += arr[var1][var3] * arr[var3][arr2]; } } }","1","","P3","D2","DOC-30","10","","3","Question Bank — Authority Unconfirmed","DOC-30-P10-Q43"
"M1-Q152","M1_INTRO_CONCEPTS","Linear / non-linear and primitive / non-primitive classification","What is the difference between a linear and a nonlinear data structure?","2","","P2","D1","DOC-22","2","","1","University Examination Paper","DOC-22-P02-Q03-sub-b; DOC-23-P02-Q03-sub-b"
"M1-Q153","M1_INTRO_NEED","Need and applications of data structures","List out the areas in which data structures are applied extensively?","1","","P3","D1","DOC-30","1","","3","Question Bank — Authority Unconfirmed","DOC-30-P01-Q01"
"M1-Q154","M1_ARRAY_SPARSE","Sparse-matrix transpose","Explain an efficient way of storing a sparse matrix in memory.  Write a module to find the transpose of a sparse matrix stored in this way. (10)","1","","P3","D2","DOC-31","17","10","3","Objective Question Bank — Authority Unconfirmed","DOC-31-P17-PART2-Q04"